[{"inflected":"ins","dict":["in"]},{"inflected":"inning","dict":["in"]},{"inflected":"inned","dict":["in"]},{"inflected":"have","dict":["have"]},{"inflected":"has","dict":["have"]},{"inflected":"had","dict":["have"]},{"inflected":"having","dict":["have"]},{"inflected":"dos","dict":["do"]},{"inflected":"do's","dict":["do"]},{"inflected":"do","dict":["do"]},{"inflected":"does","dict":["do"]},{"inflected":"did","dict":["do"]},{"inflected":"doing","dict":["do"]},{"inflected":"done","dict":["do"]},{"inflected":"noes","dict":["no"]},{"inflected":"nos","dict":["no"]},{"inflected":"am","dict":["be"]},{"inflected":"is","dict":["be"]},{"inflected":"are","dict":["be"]},{"inflected":"was","dict":["be"]},{"inflected":"were","dict":["be"]},{"inflected":"being","dict":["be"]},{"inflected":"been","dict":["be"]},{"inflected":"be","dict":["be"]},{"inflected":"dons","dict":["don"]},{"inflected":"donning","dict":["don"]},{"inflected":"donned","dict":["don"]},{"inflected":"knows","dict":["know"]},{"inflected":"knowing","dict":["know"]},{"inflected":"knew","dict":["know"]},{"inflected":"known","dict":["know"]},{"inflected":"can","dict":["can"]},{"inflected":"could","dict":["can"]},{"inflected":"cans","dict":["can"]},{"inflected":"canning","dict":["can"]},{"inflected":"canned","dict":["can"]},{"inflected":"liker","dict":["like"]},{"inflected":"most like","dict":["like"]},{"inflected":"likest","dict":["like"]},{"inflected":"more like","dict":["like"]},{"inflected":"likes","dict":["like"]},{"inflected":"liking","dict":["like"]},{"inflected":"liked","dict":["like"]},{"inflected":"gets","dict":["get"]},{"inflected":"got","dict":["get"]},{"inflected":"getting","dict":["get"]},{"inflected":"gotten","dict":["get"]},{"inflected":"goes","dict":["go"]},{"inflected":"going","dict":["go"]},{"inflected":"went","dict":["go"]},{"inflected":"gone","dict":["go"]},{"inflected":"righter","dict":["right"]},{"inflected":"rightest","dict":["right"]},{"inflected":"ups","dict":["up"]},{"inflected":"upping","dict":["up"]},{"inflected":"upped","dict":["up"]},{"inflected":"oh's","dict":["oh"]},{"inflected":"ohs","dict":["oh"]},{"inflected":"comes","dict":["come"]},{"inflected":"coming","dict":["come"]},{"inflected":"came","dict":["come"]},{"inflected":"come","dict":["come"]},{"inflected":"better","dict":["well"]},{"inflected":"best","dict":["well"]},{"inflected":"will","dict":["will"]},{"inflected":"would","dict":["will"]},{"inflected":"thinks","dict":["think"]},{"inflected":"thinking","dict":["think"]},{"inflected":"thought","dict":["think"]},{"inflected":"sees","dict":["see"]},{"inflected":"seeing","dict":["see"]},{"inflected":"saw","dict":["see"]},{"inflected":"seen","dict":["see"]},{"inflected":"better","dict":["good"]},{"inflected":"best","dict":["good"]},{"inflected":"lets","dict":["let"]},{"inflected":"letting","dict":["let"]},{"inflected":"let","dict":["let"]},{"inflected":"yeses","dict":["yes"]},{"inflected":"yessing","dict":["yes"]},{"inflected":"yessed","dict":["yes"]},{"inflected":"times","dict":["time"]},{"inflected":"timing","dict":["time"]},{"inflected":"timed","dict":["time"]},{"inflected":"takes","dict":["take"]},{"inflected":"taken","dict":["take"]},{"inflected":"took","dict":["take"]},{"inflected":"tells","dict":["tell"]},{"inflected":"telling","dict":["tell"]},{"inflected":"told","dict":["tell"]},{"inflected":"mans","dict":["man"]},{"inflected":"manning","dict":["man"]},{"inflected":"manned","dict":["man"]}]